Weight,Height,BMI,Body Fat Percentage,Gender,Age,Exercise Recommendation Plan
80,1.5,35.55555556,33.82666667,0,32,
65.77,1.905,18.12332514,9.917990163,0,19,
55,1.25,35.2,30.18,0,18,
102.5,2,25.625,37.31,1,52,
65,1.6,25.390625,33.34875,1,36,
78.6,1.3,46.50887574,60.76065089,1,45,
94,1.68,33.30498866,34.57598639,0,47,
83.4,2.01,20.64305339,30.41166407,1,48,
77.2,1.87,22.0766965,24.0920358,0,60,
90,1.39,46.58143988,55.78772786,1,23,
